ID,SMILES,PriceMol,tPSA,RotB,LogP,MW,HBD,HBA,MR,HvyAtm,Atoms,Rings,CAtm,HetAtm
A83C141N101,CC(C)=CC1=N/C(=C\c2cc(C)c(O)c(C)c2)C(=O)N1CCO,198.79937,73.13000000000001,4,2.549140000000001,314.38500000000005,2,4,91.22260000000004,23,23,2,18,5
A113C141N247,CC(C)=CC1=N/C(=C\c2cc(C)ccc2O)C(=O)N1C(=O)CN,163.61756,95.99,3,1.7337199999999995,313.3570000000001,2,5,88.59420000000003,23,23,2,17,6
A113C141N240,CC(C)=CC1=N/C(=C\c2cc(C)ccc2O)C(=O)N1C1CCN(C)CC1,183.56635999999995,56.14000000000001,3,3.342620000000002,353.4660000000002,1,4,105.05180000000006,26,26,3,21,5
A113C141N247,CC(C)=CC1=N/C(=C\c2cc(C)ccc2O)C(=O)N1CC(N)=O,163.61756,95.99000000000001,4,1.7337199999999995,313.3570000000001,2,4,88.59420000000003,23,23,2,17,6
A113C141N282,CC(C)=CC1=N/C(=C\c2cc(C)ccc2O)C(=O)N1CC(O)CO,170.16661999999997,93.36000000000001,5,1.6016199999999994,330.38400000000007,3,5,92.49240000000005,24,24,2,18,6
A113C141N660,CC(C)=CC1=N/C(=C\c2cc(C)ccc2O)C(=O)N1CC1CCOC1,167.38778,62.13000000000001,4,3.2849200000000014,340.4230000000002,1,4,98.32580000000004,25,25,3,20,5
A113C141N101,CC(C)=CC1=N/C(=C\c2cc(C)ccc2O)C(=O)N1CCO,140.86595999999997,73.13000000000001,4,2.24072,300.35800000000006,2,4,86.48560000000003,22,22,2,17,5
A113C141N76,CC(C)=CC1=N/C(=C\c2cc(C)ccc2O)C(=O)N1c1cc(C)n[nH]1,157.44298,81.58000000000001,3,3.484540000000001,336.39500000000004,2,4,98.49750000000003,25,25,3,19,6
A113C141N417,CC(C)=CC1=N/C(=C\c2cc(C)ccc2O)C(=O)N1c1cc(Cl)nc(Cl)n1,194.76482,78.68,3,4.549820000000003,403.26900000000006,1,5,107.22480000000003,27,27,3,19,8
A113C141N261,CC(C)=CC1=N/C(=C\c2cc(C)ccc2O)C(=O)N1c1ccc(C)c(O)c1,169.41861999999998,73.13000000000001,3,4.4670400000000035,362.4290000000001,2,4,108.01660000000003,27,27,3,22,5
A113C141N116,CC(C)=CC1=N/C(=C\c2cc(C)ccc2O)C(=O)N1c1ccc(C)cc1F,170.33448,52.900000000000006,3,4.900540000000004,364.4200000000001,1,3,106.30980000000004,27,27,3,22,5
A113C141N313,CC(C)=CC1=N/C(=C\c2cc(C)ccc2O)C(=O)N1c1ccc(CC#N)cc1,173.56367999999998,76.69,4,4.5191000000000034,371.4400000000001,1,4,110.93180000000002,28,28,3,23,5
A113C141N277,CC(C)=CC1=N/C(=C\c2cc(C)ccc2O)C(=O)N1c1ccc(Cl)nn1,172.36032,78.68,3,3.8964200000000027,368.82400000000007,1,5,102.21480000000003,26,26,3,19,7
A113C141N112,CC(C)=CC1=N/C(=C\c2cc(C)ccc2O)C(=O)N1c1ccc2[nH]c(=O)[nH]c2c1,181.3777,101.54999999999998,3,3.6226200000000013,388.4270000000001,3,4,114.09220000000003,29,29,4,22,7
A113C141N320,CC(C)=CC1=N/C(=C\c2cc(C)ccc2O)C(=O)N1c1cccc(CO)c1,179.27101999999996,73.13000000000001,4,3.9453200000000033,362.4290000000001,2,4,107.53760000000003,27,27,3,22,5
A113C141N79,CC(C)=CC1=N/C(=C\c2cc(C)ccc2O)C(=O)N1c1nncs1,159.28895999999995,106.92,3,3.304520000000002,340.408,1,6,95.08180000000003,24,24,3,17,7
A67C141N247,CC(C)=CC1=N/C(=C\c2ccc(C)c(C)c2)C(=O)N1C(=O)CN,158.62594,75.76,3,2.33654,311.3850000000001,1,4,91.66640000000004,23,23,2,18,5
A67C141N240,CC(C)=CC1=N/C(=C\c2ccc(C)c(C)c2)C(=O)N1C1CCN(C)CC1,178.57474000000002,35.910000000000004,3,3.945440000000003,351.4940000000002,0,3,108.12400000000007,26,26,3,22,4
A67C141N247,CC(C)=CC1=N/C(=C\c2ccc(C)c(C)c2)C(=O)N1CC(N)=O,158.62594,75.75999999999999,4,2.33654,311.3850000000001,1,3,91.66640000000004,23,23,2,18,5
A67C141N282,CC(C)=CC1=N/C(=C\c2ccc(C)c(C)c2)C(=O)N1CC(O)CO,165.175,73.13000000000001,5,2.2044400000000004,328.4120000000001,2,4,95.56460000000006,24,24,2,19,5
A67C141N660,CC(C)=CC1=N/C(=C\c2ccc(C)c(C)c2)C(=O)N1CC1CCOC1,162.39616,41.900000000000006,4,3.8877400000000035,338.4510000000002,0,3,101.39800000000005,25,25,3,21,4
A67C141N101,CC(C)=CC1=N/C(=C\c2ccc(C)c(C)c2)C(=O)N1CCO,135.87434,52.900000000000006,4,2.8435400000000013,298.3860000000001,1,3,89.55780000000004,22,22,2,18,4
A67C141N76,CC(C)=CC1=N/C(=C\c2ccc(C)c(C)c2)C(=O)N1c1cc(C)n[nH]1,152.45136000000002,61.35,3,4.087360000000003,334.42300000000006,1,3,101.56970000000004,25,25,3,20,5
A67C141N277,CC(C)=CC1=N/C(=C\c2ccc(C)c(C)c2)C(=O)N1c1ccc(Cl)nn1,167.36870000000002,58.45,3,4.499240000000004,366.8520000000001,0,4,105.28700000000003,26,26,3,20,6
A67C141N112,CC(C)=CC1=N/C(=C\c2ccc(C)c(C)c2)C(=O)N1c1ccc2[nH]c(=O)[nH]c2c1,176.38608,81.32,3,4.2254400000000025,386.4550000000001,2,3,117.16440000000004,29,29,4,23,6
A67C141N320,CC(C)=CC1=N/C(=C\c2ccc(C)c(C)c2)C(=O)N1c1cccc(CO)c1,174.2794,52.900000000000006,4,4.5481400000000045,360.4570000000001,1,3,110.60980000000004,27,27,3,23,4
A67C141N79,CC(C)=CC1=N/C(=C\c2ccc(C)c(C)c2)C(=O)N1c1nncs1,154.29734,86.69,3,3.907340000000003,338.43600000000004,0,5,98.15400000000004,24,24,3,18,6
A34C141N247,CC(C)=CC1=N/C(=C\c2cccc(C(F)(F)F)c2)C(=O)N1C(=O)CN,176.99972,75.76,3,2.7384999999999993,351.32800000000015,1,4,87.19440000000003,25,25,2,17,8
A34C141N240,CC(C)=CC1=N/C(=C\c2cccc(C(F)(F)F)c2)C(=O)N1C1CCN(C)CC1,196.94851999999997,35.910000000000004,3,4.347400000000004,391.43700000000024,0,3,103.65200000000004,28,28,3,21,7
A34C141N247,CC(C)=CC1=N/C(=C\c2cccc(C(F)(F)F)c2)C(=O)N1CC(N)=O,176.99972,75.75999999999999,4,2.7384999999999993,351.32800000000015,1,3,87.19440000000003,25,25,2,17,8
A34C141N282,CC(C)=CC1=N/C(=C\c2cccc(C(F)(F)F)c2)C(=O)N1CC(O)CO,183.54877999999997,73.13000000000001,5,2.6064000000000003,368.35500000000013,2,4,91.09260000000003,26,26,2,18,8
A34C141N660,CC(C)=CC1=N/C(=C\c2cccc(C(F)(F)F)c2)C(=O)N1CC1CCOC1,180.76994,41.900000000000006,4,4.289700000000003,378.39400000000023,0,3,96.92600000000003,27,27,3,20,7
A34C141N101,CC(C)=CC1=N/C(=C\c2cccc(C(F)(F)F)c2)C(=O)N1CCO,154.24811999999997,52.900000000000006,4,3.245500000000002,338.3290000000001,1,3,85.08580000000003,24,24,2,17,7
A34C141N76,CC(C)=CC1=N/C(=C\c2cccc(C(F)(F)F)c2)C(=O)N1c1cc(C)n[nH]1,170.82514,61.35,3,4.489320000000003,374.3660000000001,1,3,97.09770000000003,27,27,3,19,8
A34C141N277,CC(C)=CC1=N/C(=C\c2cccc(C(F)(F)F)c2)C(=O)N1c1ccc(Cl)nn1,185.74248,58.45,3,4.901200000000003,406.7950000000001,0,4,100.81500000000001,28,28,3,19,9
A34C141N112,CC(C)=CC1=N/C(=C\c2cccc(C(F)(F)F)c2)C(=O)N1c1ccc2[nH]c(=O)[nH]c2c1,194.75986,81.32,3,4.627400000000003,426.39800000000014,2,3,112.69240000000003,31,31,4,22,9
A34C141N320,CC(C)=CC1=N/C(=C\c2cccc(C(F)(F)F)c2)C(=O)N1c1cccc(CO)c1,192.65317999999996,52.900000000000006,4,4.950100000000004,400.40000000000015,1,3,106.13780000000003,29,29,3,22,7
A34C141N79,CC(C)=CC1=N/C(=C\c2cccc(C(F)(F)F)c2)C(=O)N1c1nncs1,172.67111999999997,86.69,3,4.309300000000002,378.3790000000001,0,5,93.68200000000003,26,26,3,17,9
A36C141N247,CC(C)=CC1=N/C(=C\c2cccc(Oc3ccccc3)c2)C(=O)N1C(=O)CN,188.08572,84.99,5,3.5120000000000022,375.42800000000017,1,5,108.70840000000005,28,28,3,22,6
A36C141N247,CC(C)=CC1=N/C(=C\c2cccc(Oc3ccccc3)c2)C(=O)N1CC(N)=O,188.08572,84.99000000000001,6,3.5120000000000022,375.42800000000017,1,4,108.70840000000005,28,28,3,22,6
A36C141N282,CC(C)=CC1=N/C(=C\c2cccc(Oc3ccccc3)c2)C(=O)N1CC(O)CO,194.63478,82.36,7,3.3799000000000032,392.45500000000015,2,5,112.60660000000006,29,29,3,23,6
A36C141N101,CC(C)=CC1=N/C(=C\c2cccc(Oc3ccccc3)c2)C(=O)N1CCO,165.33411999999998,62.129999999999995,6,4.019000000000005,362.42900000000014,1,4,106.59980000000006,27,27,3,22,5
A29C141N247,CC(C)=CC1=N/C(=C\c2cccs2)C(=O)N1C(=O)CN,174.28962999999996,103.99999999999999,3,1.7812,289.36000000000007,1,5,80.06940000000003,20,20,2,14,6
A29C141N240,CC(C)=CC1=N/C(=C\c2cccs2)C(=O)N1C1CCN(C)CC1,194.23842999999997,64.14999999999999,3,3.390100000000002,329.4690000000002,0,4,96.52700000000006,23,23,3,18,5
A29C141N247,CC(C)=CC1=N/C(=C\c2cccs2)C(=O)N1CC(N)=O,174.28962999999996,104.0,4,1.7812,289.36000000000007,1,4,80.06940000000003,20,20,2,14,6
A29C141N282,CC(C)=CC1=N/C(=C\c2cccs2)C(=O)N1CC(O)CO,180.83868999999996,101.37,5,1.6490999999999998,306.38700000000006,2,5,83.96760000000003,21,21,2,15,6
A29C141N660,CC(C)=CC1=N/C(=C\c2cccs2)C(=O)N1CC1CCOC1,178.05984999999995,70.14,4,3.3324000000000016,316.42600000000016,0,4,89.80100000000004,22,22,3,17,5
A29C141N101,CC(C)=CC1=N/C(=C\c2cccs2)C(=O)N1CCO,151.53802999999996,81.14,4,2.2882000000000002,276.36100000000005,1,4,77.96080000000003,19,19,2,14,5
A29C141N76,CC(C)=CC1=N/C(=C\c2cccs2)C(=O)N1c1cc(C)n[nH]1,168.11504999999997,89.59,3,3.532020000000002,312.398,1,4,89.97270000000003,22,22,3,16,6
A29C141N261,CC(C)=CC1=N/C(=C\c2cccs2)C(=O)N1c1ccc(C)c(O)c1,180.09068999999997,81.14,3,4.514520000000004,338.4320000000001,1,4,99.49180000000004,24,24,3,19,5
A29C141N116,CC(C)=CC1=N/C(=C\c2cccs2)C(=O)N1c1ccc(C)cc1F,181.00655,60.91,3,4.948020000000003,340.42300000000006,0,3,97.78500000000005,24,24,3,19,5
A29C141N313,CC(C)=CC1=N/C(=C\c2cccs2)C(=O)N1c1ccc(CC#N)cc1,184.23574999999997,84.69999999999999,4,4.566580000000004,347.4430000000001,0,4,102.40700000000004,25,25,3,20,5
A29C141N277,CC(C)=CC1=N/C(=C\c2cccs2)C(=O)N1c1ccc(Cl)nn1,183.03238999999996,86.69,3,3.943900000000003,344.827,0,5,93.69000000000003,23,23,3,16,7
A29C141N112,CC(C)=CC1=N/C(=C\c2cccs2)C(=O)N1c1ccc2[nH]c(=O)[nH]c2c1,192.04976999999997,109.55999999999997,3,3.6701000000000015,364.43000000000006,2,4,105.56740000000005,26,26,4,19,7
A29C141N320,CC(C)=CC1=N/C(=C\c2cccs2)C(=O)N1c1cccc(CO)c1,189.94308999999996,81.14,4,3.9928000000000035,338.4320000000001,1,4,99.01280000000004,24,24,3,19,5
A29C141N79,CC(C)=CC1=N/C(=C\c2cccs2)C(=O)N1c1nncs1,169.96102999999997,114.92999999999999,3,3.352000000000002,316.411,0,6,86.55700000000003,21,21,3,14,7
A34C77N101,CN(C)CC1=N/C(=C\c2cccc(C(F)(F)F)c2)C(=O)N1CCO,179.34778999999995,56.14,5,1.8409,341.3330000000001,1,4,84.20880000000002,24,24,2,16,8
A34C77N79,CN(C)CC1=N/C(=C\c2cccc(C(F)(F)F)c2)C(=O)N1c1nncs1,197.77079,89.93,4,2.904700000000001,381.38300000000004,0,6,92.80500000000002,26,26,3,16,10
A36C77N101,CN(C)CC1=N/C(=C\c2cccc(Oc3ccccc3)c2)C(=O)N1CCO,190.43379,65.37,7,2.614400000000001,365.43300000000016,1,5,105.72280000000006,27,27,3,21,6
A29C77N247,CN(C)CC1=N/C(=C\c2cccs2)C(=O)N1C(=O)CN,199.38929999999996,107.24,4,0.37659999999999993,292.3640000000001,1,6,79.19240000000002,20,20,2,13,7
A29C77N247,CN(C)CC1=N/C(=C\c2cccs2)C(=O)N1CC(N)=O,199.38929999999996,107.23999999999998,5,0.37659999999999993,292.36400000000003,1,5,79.19240000000002,20,20,2,13,7
A29C77N101,CN(C)CC1=N/C(=C\c2cccs2)C(=O)N1CCO,176.63769999999994,84.38,5,0.8835999999999999,279.365,1,5,77.08380000000002,19,19,2,13,6
A29C77N79,CN(C)CC1=N/C(=C\c2cccs2)C(=O)N1c1nncs1,195.0606999999999,118.16999999999999,4,1.9473999999999998,319.415,0,7,85.68000000000004,21,21,3,13,8
A113C141N315,CNC(=O)c1ccc(N2C(=O)/C(=C/c3cc(C)ccc3O)N=C2C=C(C)C)cc1,181.85058,82.0,4,3.8126200000000026,389.4550000000001,2,4,115.00500000000005,29,29,3,23,6
A97C141N315,CNC(=O)c1ccc(N2C(=O)/C(=C/c3cc(OC)cc(OC)c3)N=C2C=C(C)C)cc1,191.57804,80.23,6,3.815800000000003,419.48100000000017,1,5,121.70720000000006,31,31,3,24,7
A31C141N315,CNC(=O)c1ccc(N2C(=O)/C(=C/c3ccc(C(=O)OC)cc3)N=C2C=C(C)C)cc1,190.65068,88.07000000000001,5,3.585200000000003,417.46500000000015,1,5,119.94270000000004,31,31,3,24,7
A67C141N315,CNC(=O)c1ccc(N2C(=O)/C(=C/c3ccc(C)c(C)c3)N=C2C=C(C)C)cc1,176.85896000000002,61.77,4,4.415440000000004,387.4830000000001,1,3,118.07720000000005,29,29,3,24,5
A34C141N315,CNC(=O)c1ccc(N2C(=O)/C(=C/c3cccc(C(F)(F)F)c3)N=C2C=C(C)C)cc1,195.23274,61.77,4,4.817400000000005,427.4260000000001,1,3,113.60520000000004,31,31,3,23,8
A29C141N315,CNC(=O)c1ccc(N2C(=O)/C(=C/c3cccs3)N=C2C=C(C)C)cc1,192.52264999999997,90.01,4,3.8601000000000028,365.4580000000001,1,4,106.48020000000004,26,26,3,20,6
A113C141N662,COC(=O)C(C(C)C)N1C(=O)/C(=C/c2cc(C)ccc2O)N=C1C=C(C)C,191.55624,79.2,5,3.4460200000000016,370.4490000000001,1,5,105.17480000000006,27,27,2,21,6
A67C141N662,COC(=O)C(C(C)C)N1C(=O)/C(=C/c2ccc(C)c(C)c2)N=C1C=C(C)C,186.56462,58.97,5,4.048840000000003,368.47700000000015,0,4,108.24700000000007,27,27,2,22,5
A113C141N265,COC(=O)CCN1C(=O)/C(=C/c2cc(C)ccc2O)N=C1C=C(C)C,176.97503999999998,79.2,5,2.8115200000000007,342.3950000000001,1,5,96.03280000000004,25,25,2,19,6
A97C141N265,COC(=O)CCN1C(=O)/C(=C/c2cc(OC)cc(OC)c2)N=C1C=C(C)C,186.7025,77.43,7,2.814700000000001,372.42100000000016,0,6,102.73500000000007,27,27,2,20,7
A31C141N265,COC(=O)CCN1C(=O)/C(=C/c2ccc(C(=O)OC)cc2)N=C1C=C(C)C,185.77514,85.27,6,2.5841000000000003,370.40500000000014,0,6,100.97050000000006,27,27,2,20,7
A67C141N265,COC(=O)CCN1C(=O)/C(=C/c2ccc(C)c(C)c2)N=C1C=C(C)C,171.98342000000002,58.97,5,3.414340000000002,340.4230000000001,0,4,99.10500000000006,25,25,2,20,5
A67C77N265,COC(=O)CCN1C(=O)/C(=C/c2ccc(C)c(C)c2)N=C1CN(C)C,197.08308999999997,62.21,6,2.00974,343.42700000000013,0,5,98.22800000000005,25,25,2,19,6
A34C141N265,COC(=O)CCN1C(=O)/C(=C/c2cccc(C(F)(F)F)c2)N=C1C=C(C)C,190.3572,58.97,5,3.8163000000000027,380.3660000000001,0,4,94.63300000000004,27,27,2,19,8
A29C141N265,COC(=O)CCN1C(=O)/C(=C/c2cccs2)N=C1C=C(C)C,187.64710999999997,87.21,5,2.859000000000001,318.39800000000014,0,5,87.50800000000004,22,22,2,16,6
A31C141N247,COC(=O)c1ccc(/C=C2\N=C(C=C(C)C)N(C(=O)CN)C2=O)cc1,172.41766,102.06,4,1.5062999999999998,341.36700000000013,1,6,93.53190000000001,25,25,2,18,7
A31C141N240,COC(=O)c1ccc(/C=C2\N=C(C=C(C)C)N(C3CCN(C)CC3)C2=O)cc1,192.36646,62.21,4,3.1152000000000015,381.4760000000002,0,5,109.98950000000004,28,28,3,22,6
A31C141N247,COC(=O)c1ccc(/C=C2\N=C(C=C(C)C)N(CC(N)=O)C2=O)cc1,172.41766,102.06,5,1.5062999999999998,341.3670000000001,1,5,93.53190000000001,25,25,2,18,7
A31C141N282,COC(=O)c1ccc(/C=C2\N=C(C=C(C)C)N(CC(O)CO)C2=O)cc1,178.96672,99.43,6,1.3742,358.39400000000006,2,6,97.43010000000001,26,26,2,19,7
A31C141N660,COC(=O)c1ccc(/C=C2\N=C(C=C(C)C)N(CC3CCOC3)C2=O)cc1,176.18788,68.19999999999999,5,3.057500000000002,368.43300000000016,0,5,103.26350000000004,27,27,3,21,6
A31C141N101,COC(=O)c1ccc(/C=C2\N=C(C=C(C)C)N(CCO)C2=O)cc1,149.66606,79.19999999999999,5,2.0133,328.36800000000005,1,5,91.42330000000001,24,24,2,18,6
A31C141N76,COC(=O)c1ccc(/C=C2\N=C(C=C(C)C)N(c3cc(C)n[nH]3)C2=O)cc1,166.24308000000002,87.65,4,3.2571200000000013,364.4050000000001,1,5,103.43520000000002,27,27,3,20,7
A31C141N261,COC(=O)c1ccc(/C=C2\N=C(C=C(C)C)N(c3ccc(C)c(O)c3)C2=O)cc1,178.21872000000002,79.19999999999999,4,4.239620000000003,390.43900000000014,1,5,112.95430000000002,29,29,3,23,6
A31C141N116,COC(=O)c1ccc(/C=C2\N=C(C=C(C)C)N(c3ccc(C)cc3F)C2=O)cc1,179.13458,58.97,4,4.673120000000004,392.4300000000001,0,4,111.24750000000003,29,29,3,23,6
A31C141N313,COC(=O)c1ccc(/C=C2\N=C(C=C(C)C)N(c3ccc(CC#N)cc3)C2=O)cc1,182.36378,82.75999999999999,5,4.291680000000003,399.45000000000016,0,5,115.86950000000002,30,30,3,24,6
A31C141N277,COC(=O)c1ccc(/C=C2\N=C(C=C(C)C)N(c3ccc(Cl)nn3)C2=O)cc1,181.16042,84.75,4,3.6690000000000023,396.8340000000001,0,6,107.15250000000002,28,28,3,20,8
A31C141N112,COC(=O)c1ccc(/C=C2\N=C(C=C(C)C)N(c3ccc4[nH]c(=O)[nH]c4c3)C2=O)cc1,190.1778,107.61999999999998,4,3.395200000000001,416.4370000000001,2,5,119.02990000000003,31,31,4,23,8
A31C141N320,COC(=O)c1ccc(/C=C2\N=C(C=C(C)C)N(c3cccc(CO)c3)C2=O)cc1,188.07112,79.19999999999999,5,3.717900000000003,390.43900000000014,1,5,112.47530000000003,29,29,3,23,6
A31C141N79,COC(=O)c1ccc(/C=C2\N=C(C=C(C)C)N(c3nncs3)C2=O)cc1,168.08906,112.99000000000001,4,3.0771000000000015,368.41800000000006,0,7,100.01950000000002,26,26,3,18,8
A31C77N247,COC(=O)c1ccc(/C=C2\N=C(CN(C)C)N(C(=O)CN)C2=O)cc1,197.51733,105.30000000000001,5,0.10170000000000068,344.3710000000001,1,7,92.65490000000001,25,25,2,17,8
A31C77N247,COC(=O)c1ccc(/C=C2\N=C(CN(C)C)N(CC(N)=O)C2=O)cc1,197.51733,105.29999999999998,6,0.10170000000000068,344.3710000000001,1,6,92.65490000000001,25,25,2,17,8
A31C77N101,COC(=O)c1ccc(/C=C2\N=C(CN(C)C)N(CCO)C2=O)cc1,174.76572999999996,82.44,6,0.6086999999999996,331.37200000000007,1,6,90.54630000000002,24,24,2,17,7
A31C77N76,COC(=O)c1ccc(/C=C2\N=C(CN(C)C)N(c3cc(C)n[nH]3)C2=O)cc1,191.34275,90.88999999999999,5,1.8525199999999997,367.40900000000005,1,6,102.55820000000003,27,27,3,19,8
A31C77N79,COC(=O)c1ccc(/C=C2\N=C(CN(C)C)N(c3nncs3)C2=O)cc1,193.18872999999996,116.22999999999999,5,1.6724999999999999,371.422,0,8,99.14250000000003,26,26,3,17,9
A31C362N101,COC(=O)c1ccc(/C=C2\N=C(c3cc(F)cc(F)c3)N(CCO)C2=O)cc1,179.50167999999996,79.19999999999999,5,2.3736000000000006,386.35400000000016,1,5,97.45230000000002,28,28,3,20,8
A31C362N76,COC(=O)c1ccc(/C=C2\N=C(c3cc(F)cc(F)c3)N(c3cc(C)n[nH]3)C2=O)cc1,196.0787,87.65,4,3.617420000000002,422.39100000000013,1,5,109.4642,31,31,4,22,9
A31C362N79,COC(=O)c1ccc(/C=C2\N=C(c3cc(F)cc(F)c3)N(c3nncs3)C2=O)cc1,197.92467999999997,112.99000000000001,4,3.437400000000002,426.4040000000001,0,7,106.0485,30,30,4,20,10
A97C141N247,COc1cc(/C=C2\N=C(C=C(C)C)N(C(=O)CN)C2=O)cc(OC)c1,173.34502,94.22000000000001,5,1.7368999999999997,343.3830000000001,1,6,95.29640000000002,25,25,2,18,7
A97C141N240,COc1cc(/C=C2\N=C(C=C(C)C)N(C3CCN(C)CC3)C2=O)cc(OC)c1,193.29382,54.370000000000005,5,3.3458000000000023,383.4920000000002,0,5,111.75400000000005,28,28,3,22,6
A97C141N247,COc1cc(/C=C2\N=C(C=C(C)C)N(CC(N)=O)C2=O)cc(OC)c1,173.34502,94.21999999999998,6,1.7368999999999997,343.3830000000001,1,5,95.29640000000002,25,25,2,18,7
A97C141N282,COc1cc(/C=C2\N=C(C=C(C)C)N(CC(O)CO)C2=O)cc(OC)c1,179.89408,91.59000000000002,7,1.6047999999999998,360.4100000000001,2,6,99.19460000000002,26,26,2,19,7
A97C141N660,COc1cc(/C=C2\N=C(C=C(C)C)N(CC3CCOC3)C2=O)cc(OC)c1,177.11524,60.36,6,3.288100000000002,370.4490000000001,0,5,105.02800000000003,27,27,3,21,6
A97C141N101,COc1cc(/C=C2\N=C(C=C(C)C)N(CCO)C2=O)cc(OC)c1,150.59342,71.36,6,2.2439,330.38400000000007,1,5,93.18780000000004,24,24,2,18,6
A97C141N76,COc1cc(/C=C2\N=C(C=C(C)C)N(c3cc(C)n[nH]3)C2=O)cc(OC)c1,167.17044,79.81,5,3.4877200000000013,366.4210000000001,1,5,105.19970000000002,27,27,3,20,7
A97C141N261,COc1cc(/C=C2\N=C(C=C(C)C)N(c3ccc(C)c(O)c3)C2=O)cc(OC)c1,179.14608,71.36,5,4.470220000000004,392.45500000000015,1,5,114.71880000000003,29,29,3,23,6
A97C141N116,COc1cc(/C=C2\N=C(C=C(C)C)N(c3ccc(C)cc3F)C2=O)cc(OC)c1,180.06194000000002,51.129999999999995,5,4.903720000000004,394.44600000000014,0,4,113.01200000000004,29,29,3,23,6
A97C141N313,COc1cc(/C=C2\N=C(C=C(C)C)N(c3ccc(CC#N)cc3)C2=O)cc(OC)c1,183.29114,74.92,6,4.522280000000004,401.4660000000001,0,5,117.63400000000003,30,30,3,24,6
A97C141N277,COc1cc(/C=C2\N=C(C=C(C)C)N(c3ccc(Cl)nn3)C2=O)cc(OC)c1,182.08778,76.91000000000001,5,3.899600000000002,398.85000000000014,0,6,108.91700000000003,28,28,3,20,8
A97C141N112,COc1cc(/C=C2\N=C(C=C(C)C)N(c3ccc4[nH]c(=O)[nH]c4c3)C2=O)cc(OC)c1,191.10516,99.77999999999999,5,3.625800000000001,418.4530000000002,2,5,120.79440000000004,31,31,4,23,8
A97C141N320,COc1cc(/C=C2\N=C(C=C(C)C)N(c3cccc(CO)c3)C2=O)cc(OC)c1,188.99848,71.36,6,3.948500000000003,392.45500000000015,1,5,114.23980000000005,29,29,3,23,6
A97C141N79,COc1cc(/C=C2\N=C(C=C(C)C)N(c3nncs3)C2=O)cc(OC)c1,169.01642,105.14999999999999,5,3.3077000000000014,370.43400000000014,0,7,101.78400000000002,26,26,3,18,8
A97C77N247,COc1cc(/C=C2\N=C(CN(C)C)N(C(=O)CN)C2=O)cc(OC)c1,198.44469,97.46,6,0.33230000000000104,346.38700000000006,1,7,94.41940000000002,25,25,2,17,8
A97C77N247,COc1cc(/C=C2\N=C(CN(C)C)N(CC(N)=O)C2=O)cc(OC)c1,198.44469,97.46,7,0.33230000000000104,346.38700000000006,1,6,94.41940000000002,25,25,2,17,8
A97C77N101,COc1cc(/C=C2\N=C(CN(C)C)N(CCO)C2=O)cc(OC)c1,175.69308999999998,74.60000000000001,7,0.8392999999999997,333.38800000000003,1,6,92.31080000000004,24,24,2,17,7
A97C77N76,COc1cc(/C=C2\N=C(CN(C)C)N(c3cc(C)n[nH]3)C2=O)cc(OC)c1,192.27011,83.05,6,2.08312,369.42500000000007,1,6,104.32270000000003,27,27,3,19,8
A97C77N79,COc1cc(/C=C2\N=C(CN(C)C)N(c3nncs3)C2=O)cc(OC)c1,194.11609,108.39,6,1.9031,373.4380000000001,0,8,100.90700000000002,26,26,3,17,9
A97C362N101,COc1cc(/C=C2\N=C(c3cc(F)cc(F)c3)N(CCO)C2=O)cc(OC)c1,180.42904,71.36,6,2.6042000000000005,388.3700000000002,1,5,99.2168,28,28,3,20,8
A97C362N76,COc1cc(/C=C2\N=C(c3cc(F)cc(F)c3)N(c3cc(C)n[nH]3)C2=O)cc(OC)c1,197.00606,79.81,5,3.8480200000000018,424.40700000000015,1,5,111.22870000000002,31,31,4,22,9
A97C362N79,COc1cc(/C=C2\N=C(c3cc(F)cc(F)c3)N(c3nncs3)C2=O)cc(OC)c1,198.85204,105.14999999999999,5,3.668000000000002,428.42000000000013,0,7,107.81300000000002,30,30,4,20,10
A113C1N101,COc1cc(Cl)ccc1C1=N/C(=C\c2cc(C)ccc2O)C(=O)N1CCO,195.5729,82.36,5,2.9848200000000022,386.83500000000015,2,5,104.16060000000003,27,27,3,20,7
A67C1N101,COc1cc(Cl)ccc1C1=N/C(=C\c2ccc(C)c(C)c2)C(=O)N1CCO,190.58128,62.129999999999995,5,3.5876400000000035,384.86300000000017,1,4,107.23280000000004,27,27,3,21,6
A67C77N76,Cc1cc(N2C(=O)/C(=C/c3ccc(C)c(C)c3)N=C2CN(C)C)[nH]n1,177.55103,64.59,4,2.68276,337.4270000000001,1,4,100.69270000000004,25,25,3,19,6
A67C362N76,Cc1cc(N2C(=O)/C(=C/c3ccc(C)c(C)c3)N=C2c2cc(F)cc(F)c2)[nH]n1,182.28698,61.35,3,4.4476600000000035,392.40900000000005,1,3,107.59870000000002,29,29,4,22,7
A34C77N76,Cc1cc(N2C(=O)/C(=C/c3cccc(C(F)(F)F)c3)N=C2CN(C)C)[nH]n1,195.92481,64.59,4,3.0847200000000017,377.37000000000006,1,4,96.22070000000002,27,27,3,18,9
A29C77N76,Cc1cc(N2C(=O)/C(=C/c3cccs3)N=C2CN(C)C)[nH]n1,193.21471999999997,92.83,4,2.12742,315.40200000000004,1,5,89.09570000000002,22,22,3,15,7
A29C362N76,Cc1cc(N2C(=O)/C(=C/c3cccs3)N=C2c2cc(F)cc(F)c2)[nH]n1,197.95067,89.58999999999999,3,3.8923200000000024,370.384,1,4,96.00170000000003,26,26,4,18,8
A113C160N101,Cc1ccc(-c2ccccc2C2=N/C(=C\c3cc(C)ccc3O)C(=O)N2CCO)cc1,192.44622,73.13000000000001,5,4.298240000000004,412.48900000000015,2,4,122.77160000000002,31,31,4,26,5
A67C77N247,Cc1ccc(/C=C2\N=C(CN(C)C)N(C(=O)CN)C2=O)cc1C,183.72561,79.0,4,0.9319400000000001,314.38900000000007,1,5,90.78940000000003,23,23,2,17,6
A67C77N98,Cc1ccc(/C=C2\N=C(CN(C)C)N(C(C)(C)CC(C)(C)C)C2=O)cc1C,192.32899,35.91,5,4.661440000000004,369.55300000000017,0,3,114.87900000000008,27,27,2,23,4
A67C77N247,Cc1ccc(/C=C2\N=C(CN(C)C)N(CC(N)=O)C2=O)cc1C,183.72561,79.0,5,0.9319400000000001,314.38900000000007,1,4,90.78940000000003,23,23,2,17,6
A67C77N282,Cc1ccc(/C=C2\N=C(CN(C)C)N(CC(O)CO)C2=O)cc1C,190.27466999999996,76.37,6,0.7998399999999999,331.41600000000005,2,5,94.68760000000003,24,24,2,18,6
A67C77N660,Cc1ccc(/C=C2\N=C(CN(C)C)N(CC3CCOC3)C2=O)cc1C,187.49583,45.14,5,2.4831400000000006,341.4550000000001,0,4,100.52100000000006,25,25,3,20,5
A67C77N101,Cc1ccc(/C=C2\N=C(CN(C)C)N(CCO)C2=O)cc1C,160.97400999999996,56.14,5,1.4389399999999999,301.39000000000004,1,4,88.68080000000005,22,22,2,17,5
A67C77N261,Cc1ccc(/C=C2\N=C(CN(C)C)N(c3ccc(C)c(O)c3)C2=O)cc1C,189.52666999999997,56.14,4,3.6652600000000026,363.4610000000001,1,4,110.21180000000005,27,27,3,22,5
A67C77N313,Cc1ccc(/C=C2\N=C(CN(C)C)N(c3ccc(CC#N)cc3)C2=O)cc1C,193.67172999999997,59.699999999999996,5,3.7173200000000026,372.4720000000001,0,4,113.12700000000004,28,28,3,23,5
A67C77N277,Cc1ccc(/C=C2\N=C(CN(C)C)N(c3ccc(Cl)nn3)C2=O)cc1C,192.46837,61.690000000000005,4,3.094640000000002,369.8560000000001,0,5,104.41000000000004,26,26,3,19,7
A67C77N320,Cc1ccc(/C=C2\N=C(CN(C)C)N(c3cccc(CO)c3)C2=O)cc1C,199.37906999999996,56.14,5,3.1435400000000016,363.4610000000001,1,4,109.73280000000005,27,27,3,22,5
A67C77N79,Cc1ccc(/C=C2\N=C(CN(C)C)N(c3nncs3)C2=O)cc1C,179.39700999999997,89.93,4,2.502740000000001,341.4400000000001,0,6,97.27700000000004,24,24,3,17,7
A67C362N247,Cc1ccc(/C=C2\N=C(c3cc(F)cc(F)c3)N(C(=O)CN)C2=O)cc1C,188.46156,75.75999999999999,3,2.696840000000001,369.37100000000015,1,4,97.69540000000002,27,27,3,20,7
A67C362N247,Cc1ccc(/C=C2\N=C(c3cc(F)cc(F)c3)N(CC(N)=O)C2=O)cc1C,188.46156,75.75999999999999,4,2.696840000000001,369.37100000000015,1,3,97.69540000000002,27,27,3,20,7
A67C362N282,Cc1ccc(/C=C2\N=C(c3cc(F)cc(F)c3)N(CC(O)CO)C2=O)cc1C,195.01061999999996,73.13,5,2.5647400000000014,386.39800000000014,2,4,101.59360000000002,28,28,3,21,7
A67C362N660,Cc1ccc(/C=C2\N=C(c3cc(F)cc(F)c3)N(CC3CCOC3)C2=O)cc1C,192.23178,41.9,4,4.248040000000004,396.43700000000024,0,3,107.42700000000004,29,29,4,23,6
A67C362N101,Cc1ccc(/C=C2\N=C(c3cc(F)cc(F)c3)N(CCO)C2=O)cc1C,165.70995999999997,52.9,4,3.2038400000000022,356.3720000000001,1,3,95.58680000000003,26,26,3,20,6
A67C362N277,Cc1ccc(/C=C2\N=C(c3cc(F)cc(F)c3)N(c3ccc(Cl)nn3)C2=O)cc1C,197.20432,58.45,3,4.8595400000000035,424.83800000000014,0,4,111.31600000000002,30,30,4,22,8
A67C362N79,Cc1ccc(/C=C2\N=C(c3cc(F)cc(F)c3)N(c3nncs3)C2=O)cc1C,184.13295999999997,86.69,3,4.267640000000003,396.4220000000001,0,5,104.18300000000002,28,28,4,20,8
A67C204N101,Cc1ccc(/C=C2\N=C(c3ccc(Cl)c(S(N)(=O)=O)c3)N(CCO)C2=O)cc1C,198.2186,121.44,5,2.22644,433.91700000000026,2,5,112.05400000000003,29,29,3,20,9
A67C561N101,Cc1ccc(/C=C2\N=C(c3ccc(F)cc3Br)N(CCO)C2=O)cc1C,190.56466,52.9,4,3.8272400000000024,417.2780000000002,1,3,103.32880000000003,26,26,3,20,6
A67C127N101,Cc1ccc(C2=N/C(=C\c3ccc(C)c(C)c3)C(=O)N2CCO)s1,190.76761,81.14,4,3.2955600000000023,340.4480000000001,1,4,98.28480000000005,24,24,3,19,5
A113C77N116,Cc1ccc(N2C(=O)/C(=C/c3cc(C)ccc3O)N=C2CN(C)C)c(F)c1,195.43415,56.14000000000001,4,3.495940000000002,367.42400000000015,1,4,105.43280000000004,27,27,3,21,6
A67C77N116,Cc1ccc(N2C(=O)/C(=C/c3ccc(C)c(C)c3)N=C2CN(C)C)c(F)c1,190.44253,35.910000000000004,4,4.098760000000004,365.45200000000017,0,3,108.50500000000005,27,27,3,22,5
A113C173N101,Cc1ccc(O)c(/C=C2\N=C(C(c3ccccc3)c3ccccc3)N(CCO)C2=O)c1,192.44622,73.13,6,4.106620000000004,412.48900000000015,2,4,121.78160000000003,31,31,4,26,5
A113C77N247,Cc1ccc(O)c(/C=C2\N=C(CN(C)C)N(C(=O)CN)C2=O)c1,188.71723,99.23000000000002,4,0.3291200000000002,316.36100000000005,2,6,87.71720000000002,23,23,2,16,7
A113C77N98,Cc1ccc(O)c(/C=C2\N=C(CN(C)C)N(C(C)(C)CC(C)(C)C)C2=O)c1,197.32061,56.14000000000001,5,4.058620000000003,371.52500000000015,1,4,111.80680000000007,27,27,2,22,5
A113C77N247,Cc1ccc(O)c(/C=C2\N=C(CN(C)C)N(CC(N)=O)C2=O)c1,188.71723,99.22999999999999,5,0.32911999999999975,316.36100000000005,2,5,87.71720000000002,23,23,2,16,7
A113C77N282,Cc1ccc(O)c(/C=C2\N=C(CN(C)C)N(CC(O)CO)C2=O)c1,195.26628999999997,96.60000000000002,6,0.19701999999999986,333.38800000000003,3,6,91.61540000000002,24,24,2,17,7
A113C77N660,Cc1ccc(O)c(/C=C2\N=C(CN(C)C)N(CC3CCOC3)C2=O)c1,192.48745,65.37,5,1.88032,343.42700000000013,1,5,97.44880000000005,25,25,3,19,6
A113C77N101,Cc1ccc(O)c(/C=C2\N=C(CN(C)C)N(CCO)C2=O)c1,165.96562999999998,76.37,5,0.83612,303.36199999999997,2,5,85.60860000000002,22,22,2,16,6
A113C77N76,Cc1ccc(O)c(/C=C2\N=C(CN(C)C)N(c3cc(C)n[nH]3)C2=O)c1,182.54265,84.82,4,2.0799399999999997,339.399,2,5,97.62050000000004,25,25,3,18,7
A113C77N261,Cc1ccc(O)c(/C=C2\N=C(CN(C)C)N(c3ccc(C)c(O)c3)C2=O)c1,194.51829,76.37,4,3.0624400000000014,365.4330000000001,2,5,107.13960000000004,27,27,3,21,6
A113C77N313,Cc1ccc(O)c(/C=C2\N=C(CN(C)C)N(c3ccc(CC#N)cc3)C2=O)c1,198.66335,79.93,5,3.1145000000000014,374.44400000000013,1,5,110.05480000000004,28,28,3,22,6
A113C77N277,Cc1ccc(O)c(/C=C2\N=C(CN(C)C)N(c3ccc(Cl)nn3)C2=O)c1,197.45999,81.92000000000002,4,2.4918200000000006,371.82800000000003,1,6,101.33780000000003,26,26,3,18,8
A113C77N79,Cc1ccc(O)c(/C=C2\N=C(CN(C)C)N(c3nncs3)C2=O)c1,184.38863,110.16,4,1.8999199999999998,343.41200000000003,1,7,94.20480000000003,24,24,3,16,8
A113C362N247,Cc1ccc(O)c(/C=C2\N=C(c3cc(F)cc(F)c3)N(C(=O)CN)C2=O)c1,193.45318,95.99000000000001,3,2.0940199999999995,371.34300000000013,2,5,94.62320000000001,27,27,3,19,8
A113C362N247,Cc1ccc(O)c(/C=C2\N=C(c3cc(F)cc(F)c3)N(CC(N)=O)C2=O)c1,193.45318,95.99000000000001,4,2.0940199999999995,371.34300000000013,2,4,94.62320000000001,27,27,3,19,8
A113C362N660,Cc1ccc(O)c(/C=C2\N=C(c3cc(F)cc(F)c3)N(CC3CCOC3)C2=O)c1,197.2234,62.13,4,3.645220000000002,398.4090000000002,1,4,104.35480000000003,29,29,4,22,7
A113C362N101,Cc1ccc(O)c(/C=C2\N=C(c3cc(F)cc(F)c3)N(CCO)C2=O)c1,170.70157999999998,73.13,4,2.601020000000001,358.3440000000001,2,4,92.51460000000003,26,26,3,19,7
A113C362N76,Cc1ccc(O)c(/C=C2\N=C(c3cc(F)cc(F)c3)N(c3cc(C)n[nH]3)C2=O)c1,187.2786,81.58000000000001,3,3.8448400000000023,394.3810000000001,2,4,104.52650000000001,29,29,4,21,8
A113C362N261,Cc1ccc(O)c(/C=C2\N=C(c3cc(F)cc(F)c3)N(c3ccc(C)c(O)c3)C2=O)c1,199.25424,73.13,3,4.827340000000004,420.41500000000013,2,4,114.04560000000001,31,31,4,24,7
A113C362N79,Cc1ccc(O)c(/C=C2\N=C(c3cc(F)cc(F)c3)N(c3nncs3)C2=O)c1,189.12458,106.92000000000002,3,3.6648200000000015,398.39400000000006,1,6,101.11080000000001,28,28,4,19,9
A113C127N101,Cc1ccc(O)c(/C=C2\N=C(c3ccc(C)s3)N(CCO)C2=O)c1,195.75923,101.37,4,2.6927400000000006,342.42000000000013,2,5,95.21260000000004,24,24,3,18,6
A113C561N101,Cc1ccc(O)c(/C=C2\N=C(c3ccc(F)cc3Br)N(CCO)C2=O)c1,195.55628,73.13,4,3.224420000000002,419.2500000000001,2,4,100.25660000000002,26,26,3,19,7
A34C362N101,O=C1/C(=C/c2cccc(C(F)(F)F)c2)N=C(c2cc(F)cc(F)c2)N1CCO,184.08374,52.900000000000006,4,3.6058000000000034,396.31500000000005,1,3,91.11480000000002,28,28,3,19,9
A29C362N101,O=C1/C(=C/c2cccs2)N=C(c2cc(F)cc(F)c2)N1CCO,181.37364999999997,81.14,4,2.6485000000000016,334.3470000000001,1,4,83.98980000000002,23,23,3,16,7
A29C362N79,O=C1/C(=C/c2cccs2)N=C(c2cc(F)cc(F)c2)N1c1nncs1,199.79664999999997,114.93,3,3.7123000000000017,374.39700000000005,0,6,92.58600000000001,25,25,4,16,9
